-- --------------------------------------------------------
-- Host:                         127.0.0.1
-- Server version:               10.0.17-MariaDB-log - mariadb.org binary distribution
-- Server OS:                    Win64
-- HeidiSQL Version:             9.1.0.4867
-- --------------------------------------------------------

/*!40101 SET @OLD_CHARACTER_SET_CLIENT=@@CHARACTER_SET_CLIENT */;
/*!40101 SET NAMES utf8mb4 */;
/*!40014 SET @OLD_FOREIGN_KEY_CHECKS=@@FOREIGN_KEY_CHECKS, FOREIGN_KEY_CHECKS=0 */;
/*!40101 SET @OLD_SQL_MODE=@@SQL_MODE, SQL_MODE='NO_AUTO_VALUE_ON_ZERO' */;

-- Dumping database structure for spring-site
CREATE DATABASE IF NOT EXISTS `spring-site` /*!40100 DEFAULT CHARACTER SET utf8 */;
USE `spring-site`;


-- Dumping structure for table spring-site.messages
CREATE TABLE IF NOT EXISTS `messages` (
  `id` int(11) NOT NULL AUTO_INCREMENT,
  `subject` varchar(45) NOT NULL,
  `content` varchar(200) NOT NULL,
  `email` varchar(60) NOT NULL,
  `name` varchar(45) NOT NULL,
  PRIMARY KEY (`id`)
) ENGINE=InnoDB AUTO_INCREMENT=4 DEFAULT CHARSET=utf8;

-- Dumping data for table spring-site.messages: ~2 rows (approximately)
/*!40000 ALTER TABLE `messages` DISABLE KEYS */;
INSERT INTO `messages` (`id`, `subject`, `content`, `email`, `name`) VALUES
	(1, 'payment', 'I will pay u soon', 'crazy_love_th@abv.bg', 'Petya'),
	(2, 'SubjectTest', 'Your cool yeeaaa', 'tsvetelin.kulinski@gmail.com', 'kulinski'),
	(3, 'Birthday', 'Come to my birhtday', 'test@mail.com', 'Tester');
/*!40000 ALTER TABLE `messages` ENABLE KEYS */;


-- Dumping structure for table spring-site.photos
CREATE TABLE IF NOT EXISTS `photos` (
  `title` varchar(20) NOT NULL,
  `url` varchar(1000) NOT NULL,
  `username` varchar(45) NOT NULL,
  `selected` tinyint(1) NOT NULL DEFAULT '0',
  `id` int(11) NOT NULL AUTO_INCREMENT,
  PRIMARY KEY (`id`),
  KEY `username_idx` (`username`),
  CONSTRAINT `username` FOREIGN KEY (`username`) REFERENCES `users` (`username`) ON DELETE NO ACTION ON UPDATE NO ACTION
) ENGINE=InnoDB AUTO_INCREMENT=448 DEFAULT CHARSET=utf8;

-- Dumping data for table spring-site.photos: ~432 rows (approximately)
/*!40000 ALTER TABLE `photos` DISABLE KEYS */;
INSERT INTO `photos` (`title`, `url`, `username`, `selected`, `id`) VALUES
	('YGG_8095', 'https://c2.staticflickr.com/8/7477/15295079133_471521a5ff.jpg', 'anastasia', 0, 1),
	('YGG_8096', 'https://c2.staticflickr.com/8/7582/15914730045_33f2538cce.jpg', 'anastasia', 0, 2),
	('YGG_8097', 'https://c2.staticflickr.com/8/7508/15888950126_7ae465a68c.jpg', 'anastasia', 0, 3),
	('YGG_8098', 'https://c2.staticflickr.com/8/7484/15295104253_b11440ae98.jpg', 'anastasia', 0, 4),
	('YGG_8099', 'https://c2.staticflickr.com/8/7488/15914114612_f3fc899a61.jpg', 'anastasia', 0, 5),
	('YGG_8100', 'https://c1.staticflickr.com/9/8665/15727469870_b20c34e3a7.jpg', 'anastasia', 0, 6),
	('YGG_8102', 'https://c1.staticflickr.com/9/8671/15729032217_1bf9360201.jpg', 'anastasia', 0, 7),
	('YGG_8103', 'https://c1.staticflickr.com/9/8581/15728762809_1f44890ff0.jpg', 'anastasia', 0, 8),
	('YGG_8104', 'https://c2.staticflickr.com/8/7528/15729046217_3c9a377a9c.jpg', 'anastasia', 0, 9),
	('YGG_8105', 'https://c2.staticflickr.com/8/7515/15728777859_f2416167e1.jpg', 'anastasia', 0, 10),
	('YGG_8106', 'https://c1.staticflickr.com/9/8671/15729061657_0304352fb7.jpg', 'anastasia', 0, 11),
	('YGG_8107', 'https://c2.staticflickr.com/8/7474/15292556614_5c7f5dc3c7.jpg', 'anastasia', 0, 12),
	('YGG_8108', 'https://c1.staticflickr.com/9/8642/15728800919_fa8c5a3e1c.jpg', 'anastasia', 0, 13),
	('YGG_8109', 'https://c2.staticflickr.com/8/7468/15295174563_8e7fae8cf6.jpg', 'anastasia', 0, 14),
	('YGG_8110', 'https://c2.staticflickr.com/8/7555/15295181483_aa5d9332c5.jpg', 'anastasia', 0, 15),
	('YGG_8111', 'https://c1.staticflickr.com/9/8654/15727368898_a9c0bc35e7.jpg', 'anastasia', 0, 16),
	('YGG_8112', 'https://c2.staticflickr.com/8/7485/15912887791_15faa7b7fa.jpg', 'anastasia', 0, 17),
	('YGG_8113', 'https://c1.staticflickr.com/9/8594/15728838779_db69cb275a.jpg', 'anastasia', 0, 18),
	('YGG_8114', 'https://c2.staticflickr.com/8/7542/15727393458_eb91695818.jpg', 'anastasia', 0, 19),
	('YGG_8115', 'https://c2.staticflickr.com/8/7583/15295220613_38cba80e9f.jpg', 'anastasia', 0, 20),
	('YGG_8116', 'https://c1.staticflickr.com/9/8678/15889085756_d937ce9910.jpg', 'anastasia', 0, 21),
	('YGG_8117', 'https://c2.staticflickr.com/8/7522/15727417568_a350f3c0e5.jpg', 'anastasia', 0, 22),
	('YGG_8118', 'https://c2.staticflickr.com/8/7484/15295246763_4067a7634f.jpg', 'anastasia', 0, 23),
	('YGG_8120', 'https://c2.staticflickr.com/8/7470/15727608450_4c536f02cf.jpg', 'anastasia', 0, 24),
	('YGG_8121', 'https://c2.staticflickr.com/8/7476/15914267552_10a7faf496.jpg', 'anastasia', 0, 25),
	('YGG_8122', 'https://c2.staticflickr.com/8/7487/15889127436_ec1669b059.jpg', 'anastasia', 0, 26),
	('YGG_8125', 'https://c2.staticflickr.com/8/7507/15292676464_b0a7d90b76.jpg', 'anastasia', 0, 27),
	('YGG_8126', 'https://c2.staticflickr.com/8/7567/15914930095_0488f4ab5f.jpg', 'anastasia', 0, 28),
	('YGG_8127', 'https://c2.staticflickr.com/8/7579/15727646160_b7592c70ea.jpg', 'anastasia', 0, 29),
	('YGG_8129', 'https://c2.staticflickr.com/8/7573/15914304112_81280cec81.jpg', 'anastasia', 0, 30),
	('YGG_8130', 'https://c2.staticflickr.com/8/7489/15728940189_56d4b3e854.jpg', 'anastasia', 0, 31),
	('YGG_8131', 'https://c1.staticflickr.com/9/8626/15728948119_5b778acefc.jpg', 'anastasia', 0, 32),
	('YGG_8132', 'https://c1.staticflickr.com/9/8656/15914325232_572ffd077b.jpg', 'anastasia', 0, 33),
	('YGG_8133', 'https://c2.staticflickr.com/8/7537/15914973825_e421fd62e4.jpg', 'anastasia', 0, 34),
	('YGG_8134', 'https://c2.staticflickr.com/8/7561/15914979425_3007affa75.jpg', 'anastasia', 0, 35),
	('YGG_8135', 'https://c1.staticflickr.com/9/8597/15914985935_91eb26fa95.jpg', 'anastasia', 0, 36),
	('YGG_8136', 'https://c2.staticflickr.com/8/7480/15727698670_f0b8fed823.jpg', 'anastasia', 0, 37),
	('YGG_8137', 'https://c2.staticflickr.com/8/7555/15914998725_dfd39f2707.jpg', 'anastasia', 0, 38),
	('YGG_8138', 'https://c2.staticflickr.com/8/7533/15292757274_311176157e.jpg', 'anastasia', 0, 39),
	('YGG_8139', 'https://c2.staticflickr.com/8/7489/15292762534_bc03e38bd2.jpg', 'anastasia', 0, 40),
	('YGG_8140', 'https://c1.staticflickr.com/9/8581/15729003369_af7b652b86.jpg', 'anastasia', 0, 41),
	('YGG_8141', 'https://c1.staticflickr.com/9/8596/15295372843_948b77100c.jpg', 'anastasia', 0, 42),
	('YGG_8142', 'https://c2.staticflickr.com/8/7577/15727734810_2562e938e5.jpg', 'anastasia', 0, 43),
	('YGG_8144', 'https://c2.staticflickr.com/8/7482/15292785814_ee10481606.jpg', 'anastasia', 0, 44),
	('YGG_8145', 'https://c2.staticflickr.com/8/7488/15729303227_5e9dddece4.jpg', 'anastasia', 0, 45),
	('YGG_8146', 'https://c2.staticflickr.com/8/7557/15295396733_bb2e0b2d5c.jpg', 'anastasia', 0, 46),
	('YGG_8147', 'https://c2.staticflickr.com/8/7545/15915048815_6b5aa0e991.jpg', 'anastasia', 0, 47),
	('YGG_8148', 'https://c2.staticflickr.com/8/7478/15295407623_907fb6b6a2.jpg', 'anastasia', 0, 48),
	('YGG_8149', 'https://c2.staticflickr.com/8/7570/15729326657_11cb780a73.jpg', 'anastasia', 0, 49),
	('YGG_8150', 'https://c2.staticflickr.com/8/7558/15889277766_410d5e019d.jpg', 'anastasia', 0, 50),
	('YGG_8151', 'https://c2.staticflickr.com/8/7514/15727610018_a30f94ca2d.jpg', 'anastasia', 0, 51),
	('YGG_8152', 'https://c2.staticflickr.com/8/7516/15295430673_d5ccbdc969.jpg', 'anastasia', 0, 52),
	('YGG_8153', 'https://c2.staticflickr.com/8/7464/15913128241_48aaa41f21.jpg', 'anastasia', 0, 53),
	('YGG_8154', 'https://c2.staticflickr.com/8/7490/15913133691_de2ee2f3fb.jpg', 'anastasia', 0, 54),
	('YGG_8155', 'https://c2.staticflickr.com/8/7468/15914462162_5ab3810051.jpg', 'anastasia', 0, 55),
	('_GG_0239', 'https://c2.staticflickr.com/8/7495/15926597420_68ce268bf6.jpg', 'kulinski', 1, 56),
	('_GG_0243', 'https://c2.staticflickr.com/8/7505/16113157782_d65c7da913.jpg', 'kulinski', 1, 57),
	('_GG_0244', 'https://c1.staticflickr.com/9/8569/16088101716_b90792518d.jpg', 'kulinski', 1, 58),
	('_GG_0246', 'https://c2.staticflickr.com/8/7577/15491564234_a3e737fafb.jpg', 'kulinski', 1, 59),
	('_GG_0247', 'https://c2.staticflickr.com/8/7511/16113151652_a7424c4dd7.jpg', 'kulinski', 1, 60),
	('_GG_0249', 'https://c2.staticflickr.com/8/7479/15926588580_6af7005cf9.jpg', 'kulinski', 1, 61),
	('_GG_0250', 'https://c2.staticflickr.com/8/7521/16113147452_52d334ac60.jpg', 'kulinski', 1, 62),
	('_GG_0251', 'https://c2.staticflickr.com/8/7545/15926584170_3e1acb915b.jpg', 'kulinski', 1, 63),
	('_GG_0252', 'https://c2.staticflickr.com/8/7575/15491554974_bf40fb2d7e.jpg', 'kulinski', 1, 64),
	('_GG_0253', 'https://c2.staticflickr.com/8/7532/16113141202_4da7408096.jpg', 'kulinski', 1, 65),
	('_GG_0254', 'https://c2.staticflickr.com/8/7558/16113862125_e3b5994eae.jpg', 'kulinski', 1, 66),
	('_GG_0255', 'https://c1.staticflickr.com/9/8569/15926451218_3131a47178.jpg', 'kulinski', 1, 67),
	('_GG_0256', 'https://c2.staticflickr.com/8/7542/16088081376_299e53e7cb.jpg', 'kulinski', 1, 68),
	('_GG_0258', 'https://c2.staticflickr.com/8/7558/15928113707_c335f8d91a.jpg', 'kulinski', 1, 69),
	('_GG_0259', 'https://c1.staticflickr.com/9/8590/16113853305_0e1c64c55d.jpg', 'kulinski', 1, 70),
	('_GG_0260', 'https://c2.staticflickr.com/8/7474/16113128262_5f88ebb22b.jpg', 'kulinski', 1, 71),
	('_GG_0261', 'https://c2.staticflickr.com/8/7577/15491537474_f79043a245.jpg', 'kulinski', 1, 72),
	('_GG_0262', 'https://c2.staticflickr.com/8/7561/15494164563_570b25d015.jpg', 'kulinski', 1, 73),
	('_GG_0263', 'https://c2.staticflickr.com/8/7519/15928103007_ce91d1579f.jpg', 'kulinski', 1, 74),
	('_GG_0264', 'https://c1.staticflickr.com/9/8571/15928101337_4d5afe3a49.jpg', 'kulinski', 1, 75),
	('_GG_0265', 'https://c2.staticflickr.com/8/7559/15928099517_6d47b41573.jpg', 'kulinski', 1, 76),
	('_GG_0266', 'https://c2.staticflickr.com/8/7486/15928098037_d004ff0f09.jpg', 'kulinski', 1, 77),
	('_GG_0267', 'https://c1.staticflickr.com/9/8651/15494156683_e25a63bea6.jpg', 'kulinski', 1, 78),
	('_GG_0268', 'https://c2.staticflickr.com/8/7569/15494154493_9a8e3cdfaf.jpg', 'kulinski', 1, 79),
	('_GG_0269', 'https://c1.staticflickr.com/9/8671/15928092327_2840c31bb5.jpg', 'kulinski', 1, 80),
	('_GG_0270', 'https://c2.staticflickr.com/8/7529/15494150223_76f009c546.jpg', 'kulinski', 0, 81),
	('_GG_0271', 'https://c1.staticflickr.com/9/8674/16111930711_24b73b29d5.jpg', 'kulinski', 1, 82),
	('_GG_0272', 'https://c2.staticflickr.com/8/7543/15491517544_ee8be02868.jpg', 'kulinski', 1, 83),
	('_GG_0274', 'https://c2.staticflickr.com/8/7472/15494144393_c506b771d8.jpg', 'kulinski', 1, 84),
	('_GG_0275', 'https://c2.staticflickr.com/8/7561/16111924651_b614511ecf.jpg', 'kulinski', 1, 85),
	('_GG_0276', 'https://c2.staticflickr.com/8/7478/15926535600_18cf641113.jpg', 'kulinski', 1, 86),
	('_GG_0277', 'https://c1.staticflickr.com/9/8620/15926531820_00c37e762a.jpg', 'kulinski', 1, 87),
	('_GG_0278', 'https://c2.staticflickr.com/8/7496/15926400318_972509e8a6.jpg', 'kulinski', 1, 88),
	('_GG_0279', 'https://c1.staticflickr.com/9/8640/16113805335_254832de47.jpg', 'kulinski', 0, 89),
	('_GG_0280', 'https://c1.staticflickr.com/9/8622/15926518900_e5e890d1b1.jpg', 'kulinski', 0, 90),
	('_GG_0281', 'https://c2.staticflickr.com/8/7500/15494117163_3cbe3258a8.jpg', 'kulinski', 0, 91),
	('_GG_0282', 'https://c2.staticflickr.com/8/7501/15928048477_e82673050f.jpg', 'kulinski', 0, 92),
	('_GG_0283', 'https://c1.staticflickr.com/9/8593/15926380388_3a29e4d5e7.jpg', 'kulinski', 1, 93),
	('_GG_0284', 'https://c1.staticflickr.com/9/8614/15926502560_2b8de2c533.jpg', 'kulinski', 1, 94),
	('_GG_0285', 'https://c2.staticflickr.com/8/7523/16113063142_e3e72af66d.jpg', 'kulinski', 0, 95),
	('_GG_0286', 'https://c1.staticflickr.com/9/8665/16111884551_b04d48d5ea.jpg', 'kulinski', 0, 96),
	('_GG_0287', 'https://c1.staticflickr.com/9/8574/15927730589_ea7de643fa.jpg', 'kulinski', 0, 97),
	('_GG_0289', 'https://c1.staticflickr.com/9/8610/15494095353_419673a0ee.jpg', 'kulinski', 0, 98),
	('_GG_0290', 'https://c2.staticflickr.com/8/7482/15927726779_3027e00f65.jpg', 'kulinski', 0, 99),
	('_GG_0291', 'https://c2.staticflickr.com/8/7547/16113052322_fc42941ce6.jpg', 'kulinski', 1, 100),
	('_GG_0292', 'https://c1.staticflickr.com/9/8654/16111874551_aafd308662.jpg', 'kulinski', 0, 101),
	('_GG_0293', 'https://c2.staticflickr.com/8/7483/15927719259_aa316fb2ed.jpg', 'kulinski', 0, 102),
	('_GG_0294', 'https://c2.staticflickr.com/8/7497/15926476770_8159fea306.jpg', 'kulinski', 1, 103),
	('_GG_0295', 'https://c2.staticflickr.com/8/7578/15926349678_c3470113e0.jpg', 'kulinski', 0, 104),
	('_GG_0296', 'https://c2.staticflickr.com/8/7482/15927705089_13aabf9536.jpg', 'kulinski', 0, 105),
	('_GG_0297', 'https://c2.staticflickr.com/8/7515/15926465330_95ef80f871.jpg', 'kulinski', 0, 106),
	('_GG_0298', 'https://c1.staticflickr.com/9/8631/15926336048_3ff9eb4cfb.jpg', 'kulinski', 0, 107),
	('_GG_0299', 'https://c2.staticflickr.com/8/7563/15926332288_35326ae401.jpg', 'kulinski', 0, 108),
	('_GG_0300', 'https://c2.staticflickr.com/8/7551/15491427884_0fb223cee5.jpg', 'kulinski', 0, 109),
	('_GG_0301', 'https://c1.staticflickr.com/9/8625/15494045913_d408d50f39.jpg', 'kulinski', 1, 110),
	('_GG_0302', 'https://c2.staticflickr.com/8/7486/16113722885_37ccddbd47.jpg', 'kulinski', 0, 111),
	('_GG_0303', 'https://c2.staticflickr.com/8/7511/15927978797_c954631317.jpg', 'kulinski', 0, 112),
	('_GG_0304', 'https://c1.staticflickr.com/9/8644/15927976857_abc9727af5.jpg', 'kulinski', 0, 113),
	('_GG_0305', 'https://c2.staticflickr.com/8/7501/16087940006_6a774b0b6f.jpg', 'kulinski', 0, 114),
	('_GG_0306', 'https://c2.staticflickr.com/8/7539/16111814431_97fedda9cc.jpg', 'kulinski', 0, 115),
	('_GG_0307', 'https://c2.staticflickr.com/8/7560/16113706825_4b963510a7.jpg', 'kulinski', 0, 116),
	('_GG_0308', 'https://c2.staticflickr.com/8/7488/15494022053_4aa2235956.jpg', 'kulinski', 0, 117),
	('_GG_0309', 'https://c2.staticflickr.com/8/7543/15491393854_41787de9af.jpg', 'kulinski', 1, 118),
	('_GG_0310', 'https://c2.staticflickr.com/8/7561/16112977412_6fde61d965.jpg', 'kulinski', 0, 119),
	('_GG_0311', 'https://c2.staticflickr.com/8/7563/15494015653_42d678bca0.jpg', 'kulinski', 1, 120),
	('_GG_0312', 'https://c2.staticflickr.com/8/7526/15494013983_1d5e69d622.jpg', 'kulinski', 0, 121),
	('_GG_0315', 'https://c2.staticflickr.com/8/7521/15927643149_664a68a1e7.jpg', 'kulinski', 1, 122),
	('_GG_0316', 'https://c2.staticflickr.com/8/7550/16111791901_9ed0345623.jpg', 'kulinski', 1, 123),
	('_GG_0317', 'https://c2.staticflickr.com/8/7526/15926277438_dfe1cac887.jpg', 'kulinski', 0, 124),
	('_GG_0318', 'https://c2.staticflickr.com/8/7488/15927633969_01c565c22f.jpg', 'kulinski', 0, 125),
	('_GG_0319', 'https://c2.staticflickr.com/8/7483/15927631829_81b9827d05.jpg', 'kulinski', 1, 126),
	('_GG_0320', 'https://c2.staticflickr.com/8/7472/15491371094_1c15c57bff.jpg', 'kulinski', 1, 127),
	('_GG_0321', 'https://c1.staticflickr.com/9/8654/16113674125_502e63cf3e.jpg', 'anastasia', 0, 128),
	('_GG_0322', 'https://c1.staticflickr.com/9/8676/16112950972_7189b21b6f.jpg', 'anastasia', 0, 129),
	('_GG_0323', 'https://c2.staticflickr.com/8/7527/16087894256_5e24d629ab.jpg', 'anastasia', 0, 130),
	('_GG_0324', 'https://c2.staticflickr.com/8/7497/16087892576_d1142817da.jpg', 'anastasia', 0, 131),
	('_GG_0325', 'https://c2.staticflickr.com/8/7466/15493985783_25a40196bb.jpg', 'anastasia', 0, 132),
	('_GG_0326', 'https://c2.staticflickr.com/8/7527/16087888956_e991a5d018.jpg', 'anastasia', 0, 133),
	('_GG_0327', 'https://c2.staticflickr.com/8/7559/15927921587_d05d7438b8.jpg', 'anastasia', 0, 134),
	('_GG_0329', 'https://c2.staticflickr.com/8/7521/16087885136_c9729507da.jpg', 'anastasia', 0, 135),
	('_GG_0330', 'https://c2.staticflickr.com/8/7467/15927916397_fc19750e80.jpg', 'anastasia', 0, 136),
	('_GG_0331', 'https://c2.staticflickr.com/8/7464/16113655875_fff32c2ce0.jpg', 'anastasia', 0, 137),
	('_GG_0332', 'https://c2.staticflickr.com/8/7566/16087879506_ab410840b6.jpg', 'anastasia', 0, 138),
	('_GG_0333', 'https://c2.staticflickr.com/8/7525/15926369110_e81380f2ab.jpg', 'anastasia', 0, 139),
	('_GG_0334', 'https://c1.staticflickr.com/9/8649/16112931092_3068f94d0a.jpg', 'anastasia', 0, 140),
	('_GG_0335', 'https://c2.staticflickr.com/8/7466/15926366220_e113d1505a.jpg', 'anastasia', 0, 141),
	('_GG_0336', 'https://c2.staticflickr.com/8/7475/15926363420_0989bf2539.jpg', 'anastasia', 0, 142),
	('_GG_0337', 'https://c1.staticflickr.com/9/8679/15926238308_5b547bf7a6.jpg', 'anastasia', 0, 143),
	('_GG_0338', 'https://c1.staticflickr.com/9/8613/15926234888_0648a6e4be.jpg', 'anastasia', 0, 144),
	('_GG_0339', 'https://c2.staticflickr.com/8/7582/15927590959_7865fe5cc0.jpg', 'anastasia', 0, 145),
	('_GG_0340', 'https://c2.staticflickr.com/8/7563/15491330164_02037e379c.jpg', 'anastasia', 0, 146),
	('_GG_0341', 'https://c1.staticflickr.com/9/8648/15927586949_ee0dbd0187.jpg', 'anastasia', 0, 147),
	('_GG_0342', 'https://c2.staticflickr.com/8/7520/15493953523_e4cb9b933c.jpg', 'anastasia', 0, 148),
	('_GG_0343', 'https://c2.staticflickr.com/8/7483/16111732891_8f47d236c8.jpg', 'anastasia', 0, 149),
	('_GG_0344', 'https://c2.staticflickr.com/8/7504/16113625655_8ba47237dd.jpg', 'anastasia', 0, 150),
	('_GG_0345', 'https://c2.staticflickr.com/8/7484/15926338840_ce060eeee8.jpg', 'anastasia', 0, 151),
	('_GG_0346', 'https://c2.staticflickr.com/8/7468/15491308754_45180683a8.jpg', 'anastasia', 0, 152),
	('_GG_0347', 'https://c2.staticflickr.com/8/7574/16113612755_4eb6b70837.jpg', 'anastasia', 0, 153),
	('_GG_0348', 'https://c2.staticflickr.com/8/7467/15493928623_98fedc6dfc.jpg', 'anastasia', 0, 154),
	('_GG_0349', 'https://c2.staticflickr.com/8/7472/15493925213_3a48ee39f4.jpg', 'anastasia', 0, 155),
	('_MG_4510', 'https://c2.staticflickr.com/8/7572/16113262832_53c1a94007.jpg', 'anastasia', 0, 156),
	('_MG_4511', 'https://c1.staticflickr.com/9/8652/15927938799_230528243e.jpg', 'anastasia', 0, 157),
	('_MG_4512', 'https://c1.staticflickr.com/9/8621/15494309173_32e0d77cc0.jpg', 'anastasia', 0, 158),
	('_MG_4513', 'https://c1.staticflickr.com/9/8659/16112097721_908185e670.jpg', 'anastasia', 0, 159),
	('_GG_0279', 'https://c1.staticflickr.com/9/8595/15885666959_b34702a465.jpg', 'boryanak', 1, 160),
	('_GG_0278', 'https://c1.staticflickr.com/9/8589/16069834481_602a211976.jpg', 'boryanak', 0, 161),
	('_GG_0277', 'https://c2.staticflickr.com/8/7551/16045960666_d52e4924ed.jpg', 'boryanak', 1, 162),
	('_GG_0276', 'https://c2.staticflickr.com/8/7495/15452101713_538059b4c4.jpg', 'boryanak', 0, 163),
	('_GG_0275', 'https://c1.staticflickr.com/9/8674/15884491730_40bfcde5ef.jpg', 'boryanak', 0, 164),
	('_GG_0274', 'https://c2.staticflickr.com/8/7525/15884494770_603478bcf3.jpg', 'boryanak', 0, 165),
	('_GG_0273', 'https://c1.staticflickr.com/9/8643/16071769885_e87c67f5ab.jpg', 'boryanak', 0, 166),
	('_GG_0272', 'https://c1.staticflickr.com/9/8596/15886013247_b03b60ba41.jpg', 'boryanak', 0, 167),
	('_GG_0271', 'https://c2.staticflickr.com/8/7512/15449476954_cb4a869b3c.jpg', 'boryanak', 0, 168),
	('_GG_0270', 'https://c2.staticflickr.com/8/7536/15452117363_51aa42218f.jpg', 'boryanak', 0, 169),
	('_GG_0269', 'https://c2.staticflickr.com/8/7485/15884505520_1067f2e212.jpg', 'boryanak', 0, 170),
	('_GG_0268', 'https://c2.staticflickr.com/8/7497/15885693829_324c520c1e.jpg', 'boryanak', 0, 171),
	('_GG_0267', 'https://c2.staticflickr.com/8/7572/15884509220_c107d2511c.jpg', 'boryanak', 0, 172),
	('_GG_0266', 'https://c2.staticflickr.com/8/7530/15884512030_d81880c07c.jpg', 'boryanak', 0, 173),
	('_GG_0265', 'https://c1.staticflickr.com/9/8595/15449491674_056b665939.jpg', 'boryanak', 0, 174),
	('_GG_0264', 'https://c1.staticflickr.com/9/8608/15452131743_64663fd48c.jpg', 'boryanak', 0, 175),
	('_GG_0263', 'https://c2.staticflickr.com/8/7548/16071095292_b1f6fd0942.jpg', 'boryanak', 0, 176),
	('_GG_0260', 'https://c2.staticflickr.com/8/7493/15452135443_4b8ea4e863.jpg', 'boryanak', 0, 177),
	('_GG_0259', 'https://c2.staticflickr.com/8/7527/15884523930_6914490740.jpg', 'boryanak', 0, 178),
	('_GG_0258', 'https://c2.staticflickr.com/8/7493/15886039457_c22ba3cba7.jpg', 'boryanak', 0, 179),
	('_GG_0257', 'https://c2.staticflickr.com/8/7581/15884527450_6a53e08909.jpg', 'boryanak', 0, 180),
	('_GG_0256', 'https://c1.staticflickr.com/9/8638/15885716669_5ae150e102.jpg', 'boryanak', 0, 181),
	('_GG_0255', 'https://c2.staticflickr.com/8/7521/16071803955_76fa006c52.jpg', 'boryanak', 0, 182),
	('_GG_0254', 'https://c2.staticflickr.com/8/7532/16069886201_28c7bbd59e.jpg', 'boryanak', 0, 183),
	('_GG_0253', 'https://c2.staticflickr.com/8/7576/16071111592_777f8e1395.jpg', 'boryanak', 0, 184),
	('_GG_0251', 'https://c2.staticflickr.com/8/7521/16071810935_59e3382e25.jpg', 'boryanak', 0, 185),
	('_GG_0250', 'https://c2.staticflickr.com/8/7581/15452153573_3a22d1a864.jpg', 'boryanak', 0, 186),
	('_GG_0249', 'https://c2.staticflickr.com/8/7541/16071117122_d245ce7a78.jpg', 'boryanak', 0, 187),
	('_GG_0248', 'https://c2.staticflickr.com/8/7571/16071119982_f86f5e52d4.jpg', 'boryanak', 0, 188),
	('_GG_0246', 'https://c2.staticflickr.com/8/7537/15885733459_551d55e780.jpg', 'boryanak', 0, 189),
	('_GG_0245', 'https://c2.staticflickr.com/8/7462/15885735119_2dd1622e57.jpg', 'boryanak', 0, 190),
	('_GG_0243', 'https://c1.staticflickr.com/9/8603/16071125062_79d5b5937b.jpg', 'boryanak', 0, 191),
	('_GG_0241', 'https://c2.staticflickr.com/8/7571/16069904991_2ab1943cb4.jpg', 'boryanak', 0, 192),
	('_GG_0240', 'https://c2.staticflickr.com/8/7539/16046030086_275ee3d096.jpg', 'boryanak', 0, 193),
	('_GG_0239', 'https://c2.staticflickr.com/8/7466/16071829945_bccee97b7d.jpg', 'boryanak', 0, 194),
	('_GG_0238', 'https://c2.staticflickr.com/8/7490/15885749159_7292fa16b9.jpg', 'boryanak', 0, 195),
	('_GG_0237', 'https://c2.staticflickr.com/8/7481/15884564450_25ab8caa6c.jpg', 'boryanak', 0, 196),
	('_GG_0236', 'https://c1.staticflickr.com/9/8682/15885753049_8e394c3906.jpg', 'boryanak', 0, 197),
	('_GG_0235', 'https://c2.staticflickr.com/8/7508/16069920851_b02f399ddc.jpg', 'boryanak', 0, 198),
	('_GG_0234', 'https://c1.staticflickr.com/9/8618/15884573400_2635152468.jpg', 'boryanak', 0, 199),
	('_GG_0233', 'https://c1.staticflickr.com/9/8635/16069928081_0004ef32a8.jpg', 'boryanak', 0, 200),
	('_GG_0232', 'https://c1.staticflickr.com/9/8605/16071851045_d723016ce0.jpg', 'boryanak', 0, 201),
	('_GG_0231', 'https://c2.staticflickr.com/8/7525/15452195923_3b85854df0.jpg', 'boryanak', 0, 202),
	('_GG_0230', 'https://c1.staticflickr.com/9/8589/16071858835_d95bc99db0.jpg', 'boryanak', 0, 203),
	('_GG_0229', 'https://c2.staticflickr.com/8/7564/16071863285_7dd8527396.jpg', 'boryanak', 0, 204),
	('_GG_0228', 'https://c2.staticflickr.com/8/7552/15452206133_829365fc4d.jpg', 'boryanak', 0, 205),
	('_GG_0227', 'https://c1.staticflickr.com/9/8581/15885785309_99a6c3005b.jpg', 'boryanak', 0, 206),
	('_GG_0226', 'https://c2.staticflickr.com/8/7575/15884444948_403f714163.jpg', 'boryanak', 0, 207),
	('_GG_0225', 'https://c1.staticflickr.com/9/8650/15452214673_5da66079b5.jpg', 'boryanak', 0, 208),
	('_GG_0224', 'https://c2.staticflickr.com/8/7483/15886115287_a8374b13ee.jpg', 'boryanak', 0, 209),
	('_GG_0223', 'https://c2.staticflickr.com/8/7528/16069958801_a9e94a210d.jpg', 'boryanak', 0, 210),
	('_GG_0222', 'https://c1.staticflickr.com/9/8587/15885795689_3bdac734d7.jpg', 'boryanak', 0, 211),
	('_GG_0220', 'https://c2.staticflickr.com/8/7463/15886121077_aebacfd03d.jpg', 'boryanak', 0, 212),
	('_GG_0219', 'https://c1.staticflickr.com/9/8573/15449585734_c393199422.jpg', 'boryanak', 0, 213),
	('_GG_0218', 'https://c1.staticflickr.com/9/8654/16046087936_a5069b2a99.jpg', 'boryanak', 0, 214),
	('_GG_0217', 'https://c1.staticflickr.com/9/8621/15884460628_fb80299673.jpg', 'boryanak', 0, 215),
	('_GG_0216', 'https://c2.staticflickr.com/8/7577/16046094426_c94342c80d.jpg', 'boryanak', 0, 216),
	('_GG_0214', 'https://c1.staticflickr.com/9/8579/15885810049_93fac200ff.jpg', 'boryanak', 0, 217),
	('_GG_0213', 'https://c2.staticflickr.com/8/7582/16046099276_450014c2c2.jpg', 'boryanak', 0, 218),
	('_GG_0212', 'https://c2.staticflickr.com/8/7502/16069978921_da5e0e6d5d.jpg', 'boryanak', 0, 219),
	('_GG_0210', 'https://c2.staticflickr.com/8/7529/16071204032_8a43193728.jpg', 'boryanak', 0, 220),
	('_GG_0209', 'https://c1.staticflickr.com/9/8645/15886142897_56918f4642.jpg', 'boryanak', 0, 221),
	('_GG_0208', 'https://c1.staticflickr.com/9/8629/16071209482_253faee4c4.jpg', 'boryanak', 0, 222),
	('_GG_0207', 'https://c2.staticflickr.com/8/7504/15884636130_b4545183fa.jpg', 'boryanak', 0, 223),
	('_GG_0206', 'https://c2.staticflickr.com/8/7541/16071912555_9fe2178ec4.jpg', 'boryanak', 0, 224),
	('_GG_0204', 'https://c2.staticflickr.com/8/7469/15884639480_7cf82b0835.jpg', 'boryanak', 0, 225),
	('_GG_0202', 'https://c2.staticflickr.com/8/7489/16046120706_06f8dce6e9.jpg', 'boryanak', 0, 226),
	('_GG_0201', 'https://c1.staticflickr.com/9/8634/15449623504_0c8b95acd5.jpg', 'boryanak', 0, 227),
	('_GG_0200', 'https://c2.staticflickr.com/8/7561/15449625304_7e7c11048a.jpg', 'boryanak', 0, 228),
	('_GG_0199', 'https://c1.staticflickr.com/9/8576/15886163247_6a5907758c.jpg', 'boryanak', 0, 229),
	('_GG_0197', 'https://c2.staticflickr.com/8/7543/16071229582_e0369170cb.jpg', 'boryanak', 0, 230),
	('_GG_0196', 'https://c1.staticflickr.com/9/8681/15884655440_22aa985c30.jpg', 'boryanak', 0, 231),
	('_GG_4733', 'https://c2.staticflickr.com/8/7541/16135623841_c7e07829fe.jpg', 'vladimir', 0, 232),
	('_GG_4734', 'https://c2.staticflickr.com/8/7464/15517798543_85afbbf76d.jpg', 'vladimir', 0, 233),
	('_GG_4735', 'https://c2.staticflickr.com/8/7509/15951758257_412a9909a9.jpg', 'vladimir', 0, 234),
	('_GG_4736', 'https://c2.staticflickr.com/8/7549/15950219770_5f3f33d154.jpg', 'vladimir', 0, 235),
	('_GG_4737', 'https://c2.staticflickr.com/8/7520/16111733646_fb5d435d92.jpg', 'vladimir', 0, 236),
	('_GG_4738', 'https://c1.staticflickr.com/9/8603/16135619371_3fb9763ccc.jpg', 'vladimir', 0, 237),
	('_GG_4739', 'https://c2.staticflickr.com/8/7555/15950071208_6affb9c708.jpg', 'vladimir', 0, 238),
	('_GG_4740', 'https://c2.staticflickr.com/8/7518/15951754117_9c0f7a3a0b.jpg', 'vladimir', 0, 239),
	('_GG_4741', 'https://c2.staticflickr.com/8/7579/15950215340_bd872195a1.jpg', 'vladimir', 0, 240),
	('_GG_4742', 'https://c2.staticflickr.com/8/7467/16111729496_14801ee3d3.jpg', 'vladimir', 0, 241),
	('_GG_4743', 'https://c1.staticflickr.com/9/8597/16137523095_46254d8394.jpg', 'vladimir', 0, 242),
	('_GG_4658', 'https://c1.staticflickr.com/9/8634/16111911406_0c0129973f.jpg', 'vladimir', 0, 243),
	('_GG_4659', 'https://c2.staticflickr.com/8/7573/16136943552_2ba4b4d917.jpg', 'vladimir', 0, 244),
	('_GG_4660', 'https://c2.staticflickr.com/8/7502/16135791071_0ff09e46db.jpg', 'vladimir', 0, 245),
	('_GG_4661', 'https://c2.staticflickr.com/8/7507/16136940242_9447f5b0e5.jpg', 'vladimir', 0, 246),
	('_GG_4662', 'https://c2.staticflickr.com/8/7561/16137697145_8bf3080ac0.jpg', 'vladimir', 0, 247),
	('_GG_4663', 'https://c1.staticflickr.com/9/8576/16137695515_3eccfb9b90.jpg', 'vladimir', 0, 248),
	('_GG_4665', 'https://c1.staticflickr.com/9/8618/16136935622_d96ce4244d.jpg', 'vladimir', 0, 249),
	('_GG_4666', 'https://c1.staticflickr.com/9/8623/16135782831_7a482748b0.jpg', 'vladimir', 0, 250),
	('_GG_4667', 'https://c2.staticflickr.com/8/7518/15950234038_4c5a280b7b.jpg', 'vladimir', 0, 251),
	('_GG_4668', 'https://c1.staticflickr.com/9/8565/15517958183_4848bdfbb4.jpg', 'vladimir', 0, 252),
	('_GG_4669', 'https://c2.staticflickr.com/8/7513/16136930862_8afa842e5f.jpg', 'vladimir', 0, 253),
	('_GG_4670', 'https://c2.staticflickr.com/8/7478/15950377950_f1782e6d75.jpg', 'vladimir', 0, 254),
	('_GG_4671', 'https://c2.staticflickr.com/8/7466/15951914337_248a6e412c.jpg', 'vladimir', 0, 255),
	('_GG_4672', 'https://c1.staticflickr.com/9/8593/16135774851_fd890748a2.jpg', 'vladimir', 0, 256),
	('_GG_4673', 'https://c2.staticflickr.com/8/7499/15951595619_dc11727da3.jpg', 'vladimir', 0, 257),
	('_GG_4674', 'https://c2.staticflickr.com/8/7491/15515343654_7e15393424.jpg', 'vladimir', 0, 258),
	('_GG_4675', 'https://c2.staticflickr.com/8/7569/15950222918_c389a93e85.jpg', 'vladimir', 0, 259),
	('_GG_4676', 'https://c2.staticflickr.com/8/7476/15517946903_c57ed03249.jpg', 'vladimir', 0, 260),
	('_GG_4677', 'https://c1.staticflickr.com/9/8580/15950221028_a2b9a2abee.jpg', 'vladimir', 0, 261),
	('_GG_4678', 'https://c2.staticflickr.com/8/7468/15950368180_4072164b71.jpg', 'vladimir', 0, 262),
	('_GG_4679', 'https://c2.staticflickr.com/8/7531/16111882566_78f77d8f3f.jpg', 'vladimir', 0, 263),
	('_GG_4680', 'https://c2.staticflickr.com/8/7550/15950366330_8a7f7ce39a.jpg', 'vladimir', 0, 264),
	('_GG_4681', 'https://c2.staticflickr.com/8/7481/15950216998_db8c6c95c2.jpg', 'vladimir', 0, 265),
	('_GG_4682', 'https://c2.staticflickr.com/8/7482/15951901717_00ab87e386.jpg', 'vladimir', 0, 266),
	('_GG_4683', 'https://c2.staticflickr.com/8/7494/15517939813_dc1714bc49.jpg', 'vladimir', 0, 267),
	('_GG_4684', 'https://c1.staticflickr.com/9/8612/16137670875_56c6cdfdd3.jpg', 'vladimir', 0, 268),
	('_GG_4685', 'https://c2.staticflickr.com/8/7547/15517937573_376cc8206d.jpg', 'vladimir', 0, 269),
	('_GG_4686', 'https://c2.staticflickr.com/8/7534/16136909812_ccdbf509f8.jpg', 'vladimir', 0, 270),
	('_GG_4687', 'https://c2.staticflickr.com/8/7478/16137666445_16c84c4bfa.jpg', 'vladimir', 0, 271),
	('_GG_4688', 'https://c1.staticflickr.com/9/8635/15515327054_08faa134ab.jpg', 'vladimir', 0, 272),
	('_GG_4689', 'https://c2.staticflickr.com/8/7491/15950355050_52e3cb4607.jpg', 'vladimir', 0, 273),
	('_GG_4690', 'https://c2.staticflickr.com/8/7581/15950353700_d3d9e30744.jpg', 'vladimir', 0, 274),
	('_GG_4691', 'https://c1.staticflickr.com/9/8677/15950352220_6ece6293f2.jpg', 'vladimir', 0, 275),
	('_GG_4692', 'https://c1.staticflickr.com/9/8573/15951574039_65c2cbf11e.jpg', 'vladimir', 0, 276),
	('_GG_4694', 'https://c2.staticflickr.com/8/7478/15515320254_d55b6b20d2.jpg', 'vladimir', 0, 277),
	('_GG_4695', 'https://c2.staticflickr.com/8/7541/16137657345_37819c4b78.jpg', 'vladimir', 0, 278),
	('_GG_4696', 'https://c1.staticflickr.com/9/8601/16111861256_7f86b846e5.jpg', 'vladimir', 0, 279),
	('_GG_4697', 'https://c1.staticflickr.com/9/8632/16135743871_19218d28c9.jpg', 'vladimir', 0, 280),
	('_GG_4698', 'https://c1.staticflickr.com/9/8570/15950194608_f63e18326e.jpg', 'vladimir', 0, 281),
	('_GG_4699', 'https://c2.staticflickr.com/8/7580/16136889582_8248ed5a38.jpg', 'vladimir', 0, 282),
	('_GG_4700', 'https://c1.staticflickr.com/9/8576/15951560869_7e96410cf9.jpg', 'vladimir', 0, 283),
	('_GG_4701', 'https://c2.staticflickr.com/8/7521/15515306154_86b75e7d4c.jpg', 'vladimir', 0, 284),
	('_GG_4702', 'https://c2.staticflickr.com/8/7526/15950184598_b37004a9c0.jpg', 'vladimir', 0, 285),
	('_GG_4706', 'https://c1.staticflickr.com/9/8592/16111846036_591cab4e3c.jpg', 'vladimir', 0, 286),
	('_GG_4707', 'https://c2.staticflickr.com/8/7566/16137639435_93bc3a9fa5.jpg', 'vladimir', 0, 287),
	('_GG_4708', 'https://c2.staticflickr.com/8/7547/16135727511_34df56fb9a.jpg', 'vladimir', 0, 288),
	('_GG_4709', 'https://c1.staticflickr.com/9/8665/16137636335_4e3d69f335.jpg', 'vladimir', 0, 289),
	('_GG_4710', 'https://c2.staticflickr.com/8/7481/15950177788_b3b73e8c77.jpg', 'vladimir', 0, 290),
	('_GG_4712', 'https://c1.staticflickr.com/9/8639/16136874412_03e24c25e6.jpg', 'vladimir', 0, 291),
	('_GG_4713', 'https://c2.staticflickr.com/8/7569/16136873482_774f4d8377.jpg', 'vladimir', 0, 292),
	('_GG_4714', 'https://c2.staticflickr.com/8/7496/15950173918_bc04d94f26.jpg', 'vladimir', 0, 293),
	('_GG_4715', 'https://c1.staticflickr.com/9/8607/15951544079_d6da5fa188.jpg', 'vladimir', 0, 294),
	('_GG_4716', 'https://c2.staticflickr.com/8/7577/16136869232_cda3c8f676.jpg', 'vladimir', 0, 295),
	('_GG_4717', 'https://c2.staticflickr.com/8/7509/16137627375_509e8a9f65.jpg', 'vladimir', 0, 296),
	('_GG_4718', 'https://c2.staticflickr.com/8/7554/15515288464_b65e755907.jpg', 'vladimir', 0, 297),
	('_GG_4719', 'https://c2.staticflickr.com/8/7500/15951538569_1548f205a8.jpg', 'vladimir', 0, 298),
	('_GG_4720', 'https://c2.staticflickr.com/8/7477/16137623915_a85824c8b7.jpg', 'vladimir', 0, 299),
	('_GG_4721', 'https://c2.staticflickr.com/8/7473/15951849997_a80ce710d0.jpg', 'vladimir', 0, 300),
	('_GG_4722', 'https://c2.staticflickr.com/8/7462/15951848487_1548dc67fb.jpg', 'vladimir', 0, 301),
	('_GG_4724', 'https://c2.staticflickr.com/8/7468/16137620335_cd9d2b5d3a.jpg', 'vladimir', 0, 302),
	('_GG_4725', 'https://c2.staticflickr.com/8/7555/15950308130_6b76e76da9.jpg', 'vladimir', 0, 303),
	('YGG_8004', 'https://c1.staticflickr.com/9/8609/15728288897_8c0f792419.jpg', 'kulinski', 0, 304),
	('YGG_8008', 'https://c2.staticflickr.com/8/7542/15294402653_3e046a51e8.jpg', 'kulinski', 0, 305),
	('YGG_8009', 'https://c2.staticflickr.com/8/7551/15888272866_6ef1b1a0c1.jpg', 'kulinski', 0, 306),
	('YGG_8010', 'https://c2.staticflickr.com/8/7576/15912121751_9deb452cbf.jpg', 'kulinski', 0, 307),
	('YGG_8011', 'https://c2.staticflickr.com/8/7538/15912136171_3f99d6b8ff.jpg', 'kulinski', 0, 308),
	('YGG_8012', 'https://c2.staticflickr.com/8/7535/15294459103_59d04ab3a6.jpg', 'kulinski', 0, 309),
	('YGG_8013', 'https://c2.staticflickr.com/8/7519/15291867964_00eb3698f0.jpg', 'kulinski', 0, 310),
	('YGG_8015', 'https://c2.staticflickr.com/8/7545/15726662638_5ce1b00307.jpg', 'kulinski', 0, 311),
	('YGG_8016', 'https://c1.staticflickr.com/9/8629/15294490943_9e450d57d8.jpg', 'kulinski', 0, 312),
	('YGG_8017', 'https://c1.staticflickr.com/9/8563/15728408967_22626e0e75.jpg', 'kulinski', 1, 313),
	('YGG_8018', 'https://c2.staticflickr.com/8/7573/15291909704_be69f2a7a7.jpg', 'kulinski', 0, 314),
	('YGG_8019', 'https://c1.staticflickr.com/9/8658/15291920934_be572427ac.jpg', 'kulinski', 0, 315),
	('YGG_8020', 'https://c1.staticflickr.com/9/8658/15294536173_c8c01c18af.jpg', 'kulinski', 0, 316),
	('YGG_8021', 'https://c2.staticflickr.com/8/7515/15728456687_2beac2129a.jpg', 'kulinski', 0, 317),
	('YGG_8024', 'https://c1.staticflickr.com/9/8578/15726916740_cfd3217149.jpg', 'kulinski', 0, 318),
	('YGG_8025', 'https://c2.staticflickr.com/8/7466/15726759198_a6cdebae52.jpg', 'kulinski', 0, 319),
	('YGG_8026', 'https://c2.staticflickr.com/8/7476/15912278241_3d5661fbd1.jpg', 'kulinski', 0, 320),
	('YGG_8027', 'https://c2.staticflickr.com/8/7551/15294604323_93427466e2.jpg', 'kulinski', 0, 321),
	('YGG_8028', 'https://c2.staticflickr.com/8/7544/15913620512_dd09419a78.jpg', 'kulinski', 0, 322),
	('YGG_8029', 'https://c2.staticflickr.com/8/7498/15726975140_0c2892d060.jpg', 'kulinski', 1, 323),
	('YGG_8030', 'https://c2.staticflickr.com/8/7531/15292028294_2a8a5bf0e2.jpg', 'kulinski', 0, 324),
	('YGG_8031', 'https://c2.staticflickr.com/8/7518/15912325961_7787dca337.jpg', 'kulinski', 0, 325),
	('YGG_8033', 'https://c1.staticflickr.com/9/8638/15728276289_b24f0fa93b.jpg', 'kulinski', 0, 326),
	('YGG_8034', 'https://c2.staticflickr.com/8/7532/15726838848_1dea76191c.jpg', 'kulinski', 0, 327),
	('YGG_8035', 'https://c2.staticflickr.com/8/7528/15913673292_fe9ffef74d.jpg', 'kulinski', 0, 328),
	('YGG_8038', 'https://c1.staticflickr.com/9/8638/15728305149_519f6515f0.jpg', 'kulinski', 0, 329),
	('YGG_8039', 'https://c2.staticflickr.com/8/7473/15294684123_79a2a6e618.jpg', 'kulinski', 0, 330),
	('YGG_8040', 'https://c1.staticflickr.com/9/8678/15888546346_d44e59401a.jpg', 'kulinski', 1, 331),
	('YGG_8041', 'https://c1.staticflickr.com/9/8564/15913705552_bec399cc63.jpg', 'kulinski', 0, 332),
	('YGG_8042', 'https://c2.staticflickr.com/8/7481/15728336609_1cf548e511.jpg', 'kulinski', 0, 333),
	('YGG_8043', 'https://c2.staticflickr.com/8/7583/15914363065_3e44b4c99a.jpg', 'kulinski', 0, 334),
	('YGG_8044', 'https://c2.staticflickr.com/8/7572/15727070670_1215bb1a2b.jpg', 'kulinski', 0, 335),
	('YGG_8045', 'https://c2.staticflickr.com/8/7473/15728355579_9750340a4b.jpg', 'kulinski', 0, 336),
	('YGG_8046', 'https://c2.staticflickr.com/8/7470/15728641777_6305eb266e.jpg', 'kulinski', 1, 337),
	('YGG_8047', 'https://c2.staticflickr.com/8/7520/15728649517_81b8a27a11.jpg', 'kulinski', 0, 338),
	('YGG_8048', 'https://c1.staticflickr.com/9/8577/15292149324_5a636a48ab.jpg', 'kulinski', 0, 339),
	('YGG_8049', 'https://c2.staticflickr.com/8/7544/15912446991_ff4e060657.jpg', 'kulinski', 0, 340),
	('YGG_8050', 'https://c2.staticflickr.com/8/7484/15726949998_cb55478aa5.jpg', 'kulinski', 0, 341),
	('YGG_8051', 'https://c2.staticflickr.com/8/7486/15292177754_e8a85e3818.jpg', 'kulinski', 0, 342),
	('YGG_8052', 'https://c2.staticflickr.com/8/7501/15913795602_0395969f24.jpg', 'kulinski', 0, 343),
	('YGG_8053', 'https://c2.staticflickr.com/8/7574/15292193814_e32ac78b11.jpg', 'kulinski', 0, 344),
	('YGG_8054', 'https://c1.staticflickr.com/9/8651/15912491271_dee2984931.jpg', 'kulinski', 0, 345),
	('YGG_8055', 'https://c1.staticflickr.com/9/8665/15728440879_619fa68387.jpg', 'kulinski', 1, 346),
	('YGG_8057', 'https://c2.staticflickr.com/8/7555/15912505331_94c34477e3.jpg', 'kulinski', 0, 347),
	('YGG_8059', 'https://c1.staticflickr.com/9/8650/15913830602_61cbb145aa.jpg', 'kulinski', 0, 348),
	('YGG_8060', 'https://c1.staticflickr.com/9/8575/15728462089_579181b9a3.jpg', 'kulinski', 0, 349),
	('YGG_8063', 'https://c2.staticflickr.com/8/7471/15913843192_3568c7a600.jpg', 'kulinski', 0, 350),
	('YGG_8068', 'https://c2.staticflickr.com/8/7504/15727027588_8c2b6113e0.jpg', 'kulinski', 0, 351),
	('YGG_8069', 'https://c2.staticflickr.com/8/7561/15914501435_41493192a5.jpg', 'kulinski', 0, 352),
	('YGG_8070', 'https://c2.staticflickr.com/8/7516/15292263334_6c1c2b9348.jpg', 'kulinski', 0, 353),
	('YGG_8071', 'https://c1.staticflickr.com/9/8574/15914520525_88401284e9.jpg', 'kulinski', 0, 354),
	('YGG_8073', 'https://c2.staticflickr.com/8/7486/15728792027_f7d1d127f7.jpg', 'kulinski', 0, 355),
	('YGG_8074', 'https://c2.staticflickr.com/8/7558/15727244550_4d35487dd7.jpg', 'kulinski', 0, 356),
	('YGG_8075', 'https://c2.staticflickr.com/8/7511/15728809417_d029747191.jpg', 'kulinski', 0, 357),
	('YGG_8076', 'https://c2.staticflickr.com/8/7552/15914555575_0ff1957f71.jpg', 'kulinski', 0, 358),
	('YGG_8077', 'https://c2.staticflickr.com/8/7477/15913922562_34ba21588c.jpg', 'kulinski', 0, 359),
	('YGG_8078', 'https://c2.staticflickr.com/8/7551/15888780586_2308838a60.jpg', 'kulinski', 0, 360),
	('YGG_8079', 'https://c2.staticflickr.com/8/7576/15728844167_20ed363e85.jpg', 'kulinski', 0, 361),
	('YGG_8080', 'https://c2.staticflickr.com/8/7571/15728574809_7500b932c1.jpg', 'kulinski', 0, 362),
	('YGG_8081', 'https://c1.staticflickr.com/9/8647/15727305770_722b7e269d.jpg', 'kulinski', 0, 363),
	('YGG_8082', 'https://c2.staticflickr.com/8/7469/15292358484_d208eb33fd.jpg', 'kulinski', 0, 364),
	('YGG_8083', 'https://c1.staticflickr.com/9/8621/15294970453_a283f6f7ab.jpg', 'kulinski', 0, 365),
	('YGG_8084', 'https://c2.staticflickr.com/8/7485/15727159678_bbdb0eb088.jpg', 'kulinski', 0, 366),
	('YGG_8085', 'https://c1.staticflickr.com/9/8637/15913993812_6cff2b7bce.jpg', 'kulinski', 0, 367),
	('YGG_8086', 'https://c2.staticflickr.com/8/7471/15914001092_32c0b6b1f2.jpg', 'kulinski', 0, 368),
	('YGG_8087', 'https://c1.staticflickr.com/9/8662/15914649545_f9282bc0fb.jpg', 'kulinski', 0, 369),
	('YGG_8089', 'https://c2.staticflickr.com/8/7488/15888873236_d6602c960e.jpg', 'kulinski', 0, 370),
	('YGG_8090', 'https://c2.staticflickr.com/8/7543/15888884816_630a93c6b5.jpg', 'kulinski', 0, 371),
	('YGG_8091', 'https://c2.staticflickr.com/8/7498/15912726781_652b1efe6d.jpg', 'kulinski', 0, 372),
	('YGG_8092', 'https://c2.staticflickr.com/8/7572/15292444014_4b811c026e.jpg', 'kulinski', 1, 373),
	('YGG_8093', 'https://c2.staticflickr.com/8/7549/15888914806_84300fd6cd.jpg', 'kulinski', 0, 374),
	('YGG_8094', 'https://c2.staticflickr.com/8/7541/15727424450_790bbe6fdd.jpg', 'kulinski', 1, 375),
	('YGG_8004', 'https://c1.staticflickr.com/9/8609/15728288897_8c0f792419.jpg', 'vladimir', 0, 376),
	('YGG_8008', 'https://c2.staticflickr.com/8/7542/15294402653_3e046a51e8.jpg', 'vladimir', 0, 377),
	('YGG_8009', 'https://c2.staticflickr.com/8/7551/15888272866_6ef1b1a0c1.jpg', 'vladimir', 0, 378),
	('YGG_8010', 'https://c2.staticflickr.com/8/7576/15912121751_9deb452cbf.jpg', 'vladimir', 0, 379),
	('YGG_8011', 'https://c2.staticflickr.com/8/7538/15912136171_3f99d6b8ff.jpg', 'vladimir', 0, 380),
	('YGG_8012', 'https://c2.staticflickr.com/8/7535/15294459103_59d04ab3a6.jpg', 'vladimir', 0, 381),
	('YGG_8013', 'https://c2.staticflickr.com/8/7519/15291867964_00eb3698f0.jpg', 'vladimir', 0, 382),
	('YGG_8015', 'https://c2.staticflickr.com/8/7545/15726662638_5ce1b00307.jpg', 'vladimir', 0, 383),
	('YGG_8016', 'https://c1.staticflickr.com/9/8629/15294490943_9e450d57d8.jpg', 'vladimir', 0, 384),
	('YGG_8017', 'https://c1.staticflickr.com/9/8563/15728408967_22626e0e75.jpg', 'vladimir', 0, 385),
	('YGG_8018', 'https://c2.staticflickr.com/8/7573/15291909704_be69f2a7a7.jpg', 'vladimir', 0, 386),
	('YGG_8019', 'https://c1.staticflickr.com/9/8658/15291920934_be572427ac.jpg', 'vladimir', 0, 387),
	('YGG_8020', 'https://c1.staticflickr.com/9/8658/15294536173_c8c01c18af.jpg', 'vladimir', 0, 388),
	('YGG_8021', 'https://c2.staticflickr.com/8/7515/15728456687_2beac2129a.jpg', 'vladimir', 0, 389),
	('YGG_8024', 'https://c1.staticflickr.com/9/8578/15726916740_cfd3217149.jpg', 'vladimir', 0, 390),
	('YGG_8025', 'https://c2.staticflickr.com/8/7466/15726759198_a6cdebae52.jpg', 'vladimir', 0, 391),
	('YGG_8026', 'https://c2.staticflickr.com/8/7476/15912278241_3d5661fbd1.jpg', 'vladimir', 0, 392),
	('YGG_8027', 'https://c2.staticflickr.com/8/7551/15294604323_93427466e2.jpg', 'vladimir', 0, 393),
	('YGG_8028', 'https://c2.staticflickr.com/8/7544/15913620512_dd09419a78.jpg', 'vladimir', 0, 394),
	('YGG_8029', 'https://c2.staticflickr.com/8/7498/15726975140_0c2892d060.jpg', 'vladimir', 0, 395),
	('YGG_8030', 'https://c2.staticflickr.com/8/7531/15292028294_2a8a5bf0e2.jpg', 'vladimir', 0, 396),
	('YGG_8031', 'https://c2.staticflickr.com/8/7518/15912325961_7787dca337.jpg', 'vladimir', 0, 397),
	('YGG_8033', 'https://c1.staticflickr.com/9/8638/15728276289_b24f0fa93b.jpg', 'vladimir', 0, 398),
	('YGG_8034', 'https://c2.staticflickr.com/8/7532/15726838848_1dea76191c.jpg', 'vladimir', 0, 399),
	('YGG_8035', 'https://c2.staticflickr.com/8/7528/15913673292_fe9ffef74d.jpg', 'vladimir', 0, 400),
	('YGG_8038', 'https://c1.staticflickr.com/9/8638/15728305149_519f6515f0.jpg', 'vladimir', 0, 401),
	('YGG_8039', 'https://c2.staticflickr.com/8/7473/15294684123_79a2a6e618.jpg', 'vladimir', 0, 402),
	('YGG_8040', 'https://c1.staticflickr.com/9/8678/15888546346_d44e59401a.jpg', 'vladimir', 0, 403),
	('YGG_8041', 'https://c1.staticflickr.com/9/8564/15913705552_bec399cc63.jpg', 'vladimir', 0, 404),
	('YGG_8042', 'https://c2.staticflickr.com/8/7481/15728336609_1cf548e511.jpg', 'vladimir', 0, 405),
	('YGG_8043', 'https://c2.staticflickr.com/8/7583/15914363065_3e44b4c99a.jpg', 'vladimir', 0, 406),
	('YGG_8044', 'https://c2.staticflickr.com/8/7572/15727070670_1215bb1a2b.jpg', 'vladimir', 0, 407),
	('YGG_8045', 'https://c2.staticflickr.com/8/7473/15728355579_9750340a4b.jpg', 'vladimir', 0, 408),
	('YGG_8046', 'https://c2.staticflickr.com/8/7470/15728641777_6305eb266e.jpg', 'vladimir', 0, 409),
	('YGG_8047', 'https://c2.staticflickr.com/8/7520/15728649517_81b8a27a11.jpg', 'vladimir', 0, 410),
	('YGG_8048', 'https://c1.staticflickr.com/9/8577/15292149324_5a636a48ab.jpg', 'vladimir', 0, 411),
	('YGG_8049', 'https://c2.staticflickr.com/8/7544/15912446991_ff4e060657.jpg', 'vladimir', 0, 412),
	('YGG_8050', 'https://c2.staticflickr.com/8/7484/15726949998_cb55478aa5.jpg', 'vladimir', 0, 413),
	('YGG_8051', 'https://c2.staticflickr.com/8/7486/15292177754_e8a85e3818.jpg', 'vladimir', 0, 414),
	('YGG_8052', 'https://c2.staticflickr.com/8/7501/15913795602_0395969f24.jpg', 'vladimir', 0, 415),
	('YGG_8053', 'https://c2.staticflickr.com/8/7574/15292193814_e32ac78b11.jpg', 'vladimir', 0, 416),
	('YGG_8054', 'https://c1.staticflickr.com/9/8651/15912491271_dee2984931.jpg', 'vladimir', 0, 417),
	('YGG_8055', 'https://c1.staticflickr.com/9/8665/15728440879_619fa68387.jpg', 'vladimir', 0, 418),
	('YGG_8057', 'https://c2.staticflickr.com/8/7555/15912505331_94c34477e3.jpg', 'vladimir', 0, 419),
	('YGG_8059', 'https://c1.staticflickr.com/9/8650/15913830602_61cbb145aa.jpg', 'vladimir', 0, 420),
	('YGG_8060', 'https://c1.staticflickr.com/9/8575/15728462089_579181b9a3.jpg', 'vladimir', 0, 421),
	('YGG_8063', 'https://c2.staticflickr.com/8/7471/15913843192_3568c7a600.jpg', 'vladimir', 0, 422),
	('YGG_8068', 'https://c2.staticflickr.com/8/7504/15727027588_8c2b6113e0.jpg', 'vladimir', 0, 423),
	('YGG_8069', 'https://c2.staticflickr.com/8/7561/15914501435_41493192a5.jpg', 'vladimir', 0, 424),
	('YGG_8070', 'https://c2.staticflickr.com/8/7516/15292263334_6c1c2b9348.jpg', 'vladimir', 0, 425),
	('YGG_8071', 'https://c1.staticflickr.com/9/8574/15914520525_88401284e9.jpg', 'vladimir', 0, 426),
	('YGG_8073', 'https://c2.staticflickr.com/8/7486/15728792027_f7d1d127f7.jpg', 'vladimir', 0, 427),
	('YGG_8074', 'https://c2.staticflickr.com/8/7558/15727244550_4d35487dd7.jpg', 'vladimir', 0, 428),
	('YGG_8075', 'https://c2.staticflickr.com/8/7511/15728809417_d029747191.jpg', 'vladimir', 0, 429),
	('YGG_8076', 'https://c2.staticflickr.com/8/7552/15914555575_0ff1957f71.jpg', 'vladimir', 0, 430),
	('YGG_8077', 'https://c2.staticflickr.com/8/7477/15913922562_34ba21588c.jpg', 'vladimir', 0, 431),
	('YGG_8078', 'https://c2.staticflickr.com/8/7551/15888780586_2308838a60.jpg', 'vladimir', 0, 432),
	('YGG_8079', 'https://c2.staticflickr.com/8/7576/15728844167_20ed363e85.jpg', 'vladimir', 0, 433),
	('YGG_8080', 'https://c2.staticflickr.com/8/7571/15728574809_7500b932c1.jpg', 'vladimir', 0, 434),
	('YGG_8081', 'https://c1.staticflickr.com/9/8647/15727305770_722b7e269d.jpg', 'vladimir', 0, 435),
	('YGG_8082', 'https://c2.staticflickr.com/8/7469/15292358484_d208eb33fd.jpg', 'vladimir', 0, 436),
	('YGG_8083', 'https://c1.staticflickr.com/9/8621/15294970453_a283f6f7ab.jpg', 'vladimir', 0, 437),
	('YGG_8084', 'https://c2.staticflickr.com/8/7485/15727159678_bbdb0eb088.jpg', 'vladimir', 0, 438),
	('YGG_8085', 'https://c1.staticflickr.com/9/8637/15913993812_6cff2b7bce.jpg', 'vladimir', 0, 439),
	('YGG_8086', 'https://c2.staticflickr.com/8/7471/15914001092_32c0b6b1f2.jpg', 'vladimir', 0, 440),
	('YGG_8087', 'https://c1.staticflickr.com/9/8662/15914649545_f9282bc0fb.jpg', 'vladimir', 0, 441),
	('YGG_8089', 'https://c2.staticflickr.com/8/7488/15888873236_d6602c960e.jpg', 'vladimir', 0, 442),
	('YGG_8090', 'https://c2.staticflickr.com/8/7543/15888884816_630a93c6b5.jpg', 'vladimir', 0, 443),
	('YGG_8091', 'https://c2.staticflickr.com/8/7498/15912726781_652b1efe6d.jpg', 'vladimir', 0, 444),
	('YGG_8092', 'https://c2.staticflickr.com/8/7572/15292444014_4b811c026e.jpg', 'vladimir', 0, 445),
	('YGG_8093', 'https://c2.staticflickr.com/8/7549/15888914806_84300fd6cd.jpg', 'vladimir', 0, 446),
	('YGG_8094', 'https://c2.staticflickr.com/8/7541/15727424450_790bbe6fdd.jpg', 'vladimir', 0, 447);
/*!40000 ALTER TABLE `photos` ENABLE KEYS */;


-- Dumping structure for table spring-site.users
CREATE TABLE IF NOT EXISTS `users` (
  `username` varchar(32) NOT NULL,
  `password` varchar(100) NOT NULL,
  `email` varchar(100) NOT NULL,
  `name` varchar(45) NOT NULL,
  `authority` varchar(45) NOT NULL,
  `enabled` tinyint(1) NOT NULL DEFAULT '0',
  PRIMARY KEY (`username`)
) ENGINE=InnoDB DEFAULT CHARSET=utf8;

-- Dumping data for table spring-site.users: ~6 rows (approximately)
/*!40000 ALTER TABLE `users` DISABLE KEYS */;
INSERT INTO `users` (`username`, `password`, `email`, `name`, `authority`, `enabled`) VALUES
	('Administrator', '4e158f8cccad6e52a52a2077977e6fd042e41e234b93b0b1d1f12905199219eb7c483b9362b55f52', 'iordan.g.georgiev@gmail.com', 'Yordan Georgiev', 'ROLE_ADMIN', 1),
	('anastasia', '924f62c9279468f18fc7384f4f02b3db590964616f398ffda773ff46af40bb71d04c15978c71a1ba', 'anas@mail.com', 'Anastasia', 'ROLE_USER', 1),
	('boryanak', 'cb41cb596877f1723df1c739b4558503451e19169364ef0167f05d2e61f1938a198186f540700c3e', 'boriana@mail.com', 'Boryana Kulinska', 'ROLE_USER', 1),
	('georgiev', '94f6f45a4f0de4fecb5ba92770268cc854ff6448e68934f4a59f6feaebcb67a85e04956fe2174c25', 'testing@photography.com', 'Yordan Georgiev', 'ROLE_USER', 1),
	('kulinski', 'ded323d0599b55f08187757defbcb54a860698454eb0b180f7b345ae5cc950749aa3e9843605c91c', 'tsvetelin.kulinski@gmail.com', 'Tsvetelin', 'ROLE_USER', 1),
	('vladimir', '81035237a93f0da4e90a2a45954662fe040de22526b646a104d8ea7e70a47b4153e38cdc6cf184ba', 'vlado369@abv.bg', 'Vladimir', 'ROLE_USER', 1);
/*!40000 ALTER TABLE `users` ENABLE KEYS */;
/*!40101 SET SQL_MODE=IFNULL(@OLD_SQL_MODE, '') */;
/*!40014 SET FOREIGN_KEY_CHECKS=IF(@OLD_FOREIGN_KEY_CHECKS IS NULL, 1, @OLD_FOREIGN_KEY_CHECKS) */;
/*!40101 SET CHARACTER_SET_CLIENT=@OLD_CHARACTER_SET_CLIENT */;
